<?xml version="1.0" encoding="utf-8" standalone="yes"?>
<rss version="2.0" xmlns:atom="http://www.w3.org/2005/Atom">
  <channel>
    <title>Hawaii on Bdmeter News</title>
    <link>https://news.bdmeter.info/tags/hawaii/</link>
    <description>Recent content in Hawaii on Bdmeter News</description>
    <generator>Hugo -- gohugo.io</generator>
    <language>en</language>
    <copyright>Copyright © 2018-{year} [Bdmeter](https://news.bdmeter.info) and [BDM Dev](https://dev.bdmeter.info). All Rights Reserved.</copyright>
    <lastBuildDate>Sat, 12 Aug 2023 00:00:00 +0000</lastBuildDate><atom:link href="https://news.bdmeter.info/tags/hawaii/index.xml" rel="self" type="application/rss+xml" />
    <item>
      <title>Maui&#39;s Wildfires Rage On, Challenging Firefighting Efforts</title>
      <link>https://news.bdmeter.info/news/2023/08/2023-08-12-unveiling-the-mythical-fury/</link>
      <pubDate>Sat, 12 Aug 2023 00:00:00 +0000</pubDate>
      
      <guid>https://news.bdmeter.info/news/2023/08/2023-08-12-unveiling-the-mythical-fury/</guid>
      <description>Unveiling the Mythical Fury: Maui&amp;rsquo;s Wildfires Rage On, Challenging Firefighting Efforts Maui, August 12, 2023 — The picturesque paradise of Maui is facing an unprecedented natural catastrophe as wildfires continue to rage across the island, leaving authorities and residents grappling with a unique set of challenges. Unlike typical wildfire scenarios, the flames have taken on an almost mythic quality, prompting locals to dub them &amp;ldquo;Pele&amp;rsquo;s Breath,&amp;rdquo; in reference to the Hawaiian goddess of fire and volcanoes.</description>
    </item>
    
  </channel>
</rss>
