<?xml version="1.0" encoding="utf-8" standalone="yes"?>
<rss version="2.0" xmlns:atom="http://www.w3.org/2005/Atom">
  <channel>
    <title>Categories on Bdmeter News</title>
    <link>https://news.bdmeter.info/categories/</link>
    <description>Recent content in Categories on Bdmeter News</description>
    <generator>Hugo -- gohugo.io</generator>
    <language>en</language>
    <copyright>Copyright © 2018-{year} [Bdmeter](https://news.bdmeter.info) and [BDM Dev](https://dev.bdmeter.info). All Rights Reserved.</copyright>
    <lastBuildDate>Sat, 12 Aug 2023 00:00:00 +0000</lastBuildDate><atom:link href="https://news.bdmeter.info/categories/index.xml" rel="self" type="application/rss+xml" />
    <item>
      <title>Live news</title>
      <link>https://news.bdmeter.info/categories/live-news/</link>
      <pubDate>Sat, 12 Aug 2023 00:00:00 +0000</pubDate>
      
      <guid>https://news.bdmeter.info/categories/live-news/</guid>
      <description></description>
    </item>
    
  </channel>
</rss>
