
{"attributes":["data-bs-theme","data-bs-popper","data-bs-target"],"classes":["fade","hide","show","showing","d-none","hb-progress-bar","position-fixed","progress","progress-bar","progress-bar-stripe","progress-bar-animated","rounded-0","top-0","w-100","table-responsive","offcanvas-backdrop","shadow-sm","d-flex","dropdown-center","end-0","mx-auto","p-2","position-absolute","start-0","text-center","text-decoration-none","text-white"],"ids":[],"safelist_deep":[],"safelist_greedy":[],"safelist_standard":[],"tags":[]}