<?xml version="1.0" encoding="utf-8" standalone="yes"?>
<rss version="2.0" xmlns:atom="http://www.w3.org/2005/Atom">
  <channel>
    <title>Maui on Bdmeter News</title>
    <link>https://news.bdmeter.info/tags/maui/</link>
    <description>Recent content in Maui on Bdmeter News</description>
    <generator>Hugo -- gohugo.io</generator>
    <language>en</language>
    <copyright>Copyright © 2018-{year} [Bdmeter](https://news.bdmeter.info) and [BDM Dev](https://dev.bdmeter.info). All Rights Reserved.</copyright>
    <lastBuildDate>Sat, 12 Aug 2023 00:00:00 +0000</lastBuildDate><atom:link href="https://news.bdmeter.info/tags/maui/index.xml" rel="self" type="application/rss+xml" />
    <item>
      <title>Maui&#39;s Wildfires Rage On, Challenging Firefighting Efforts</title>
      <link>https://news.bdmeter.info/news/2023/08/2023-08-12-unveiling-the-mythical-fury/</link>
      <pubDate>Sat, 12 Aug 2023 00:00:00 +0000</pubDate>
      
      <guid>https://news.bdmeter.info/news/2023/08/2023-08-12-unveiling-the-mythical-fury/</guid>
      <description>Unveiling the Mythical Fury: Maui&amp;rsquo;s Wildfires Rage On, Challenging Firefighting Efforts Maui, August 12, 2023 — The picturesque paradise of Maui is facing an unprecedented natural catastrophe as wildfires continue to rage across the island, leaving authorities and residents grappling with a unique set of challenges. Unlike typical wildfire scenarios, the flames have taken on an almost mythic quality, prompting locals to dub them &amp;ldquo;Pele&amp;rsquo;s Breath,&amp;rdquo; in reference to the Hawaiian goddess of fire and volcanoes.</description>
    </item>
    
    <item>
      <title>Disaster dealy wildfire acroos Maui</title>
      <link>https://news.bdmeter.info/news/2023/08/2023-08-11-maui-wildfires-death/</link>
      <pubDate>Thu, 10 Aug 2023 00:00:00 +0000</pubDate>
      
      <guid>https://news.bdmeter.info/news/2023/08/2023-08-11-maui-wildfires-death/</guid>
      <description>Headlines Six people have been killed in wildfires in Maui. Broadband internet outage across Hawaii. Violent wind across Hawaii from Maui burning. 150,000 gallons of water spray dropped yet to stop burning but no outcome yet. US Miltery top on the race to deploy firefighters to save Maui and Big Islands. Copast guards from US is saving life to do water rescue. People run into the ocean to save life. Fires is continuing and not under control.</description>
    </item>
    
  </channel>
</rss>
