<?xml version="1.0" encoding="utf-8" standalone="yes"?>
<rss version="2.0" xmlns:atom="http://www.w3.org/2005/Atom">
  <channel>
    <title>Pages on Bdmeter News</title>
    <link>https://news.bdmeter.info/page/</link>
    <description>Recent content in Pages on Bdmeter News</description>
    <generator>Hugo -- gohugo.io</generator>
    <language>en</language>
    <copyright>Copyright © 2018-{year} [Bdmeter](https://news.bdmeter.info) and [BDM Dev](https://dev.bdmeter.info). All Rights Reserved.</copyright>
    <lastBuildDate>Wed, 05 Apr 2023 00:00:00 +0000</lastBuildDate><atom:link href="https://news.bdmeter.info/page/index.xml" rel="self" type="application/rss+xml" />
    <item>
      <title>Vaccine Policy</title>
      <link>https://news.bdmeter.info/page/2023/04/2023-04-05-vaccine-policy/</link>
      <pubDate>Wed, 05 Apr 2023 00:00:00 +0000</pubDate>
      
      <guid>https://news.bdmeter.info/page/2023/04/2023-04-05-vaccine-policy/</guid>
      <description>We are Bdmeter, a fully online base information service and tech company. Bdmeter always advises all of its employees working remotely to ensure Covid-19 vaccination with booster dose to ensure life security. We aren&amp;rsquo;t limited to accepting only vaccinated people into our organization because Bdmeter is only online based, and no close contact is related to our organization&amp;rsquo;s terms.
So, whoever is working with , is not limited to working from home if he/she is vaccinated/not.</description>
    </item>
    
    <item>
      <title>Real-time industry information for your business &amp; industry</title>
      <link>https://news.bdmeter.info/page/2023/03/2023-03-30-real-time-news-update/</link>
      <pubDate>Thu, 30 Mar 2023 00:00:00 +0000</pubDate>
      
      <guid>https://news.bdmeter.info/page/2023/03/2023-03-30-real-time-news-update/</guid>
      <description></description>
    </item>
    
    <item>
      <title>Earn</title>
      <link>https://news.bdmeter.info/page/2023/03/2023-03-26-earn/</link>
      <pubDate>Sun, 26 Mar 2023 00:00:00 +0000</pubDate>
      
      <guid>https://news.bdmeter.info/page/2023/03/2023-03-26-earn/</guid>
      <description>It&amp;rsquo;s not easy to earn and make money. We have a team of industrialist Technology and businessman was thinking a lot how people can make money online in terms of business and industry. We why are digging deeper to find out what is matter and how can we make money. Finally we are here in result that we can make money by sharing our knowledge stills and ideas with people all over the world.</description>
    </item>
    
    <item>
      <title>Newsletter</title>
      <link>https://news.bdmeter.info/page/2023/03/2023-03-20-newsletter/</link>
      <pubDate>Mon, 20 Mar 2023 00:00:00 +0000</pubDate>
      
      <guid>https://news.bdmeter.info/page/2023/03/2023-03-20-newsletter/</guid>
      <description>Subscribe for newsletter Email: Click here for subscribe </description>
    </item>
    
    <item>
      <title>Community</title>
      <link>https://news.bdmeter.info/page/2023/03/2023-03-19-community/</link>
      <pubDate>Sun, 19 Mar 2023 00:00:00 +0000</pubDate>
      
      <guid>https://news.bdmeter.info/page/2023/03/2023-03-19-community/</guid>
      <description>We Bdmeter Technology are combining our community to contribute to the global technological revolution as well as build skilled manpower.
Join the Bdmeter community to share your skills, ideas, and knowledge. We believe in you, and your innovative ideations will help our community to grow a better future.
How to join the Bdmeter community To join Bdmeter community, sign up here
Click here to Sign up
Due to high number of requests, we are unavailable for certain period.</description>
    </item>
    
    <item>
      <title>About</title>
      <link>https://news.bdmeter.info/page/2023/03/2023-03-17-about/</link>
      <pubDate>Fri, 17 Mar 2023 00:00:00 +0000</pubDate>
      
      <guid>https://news.bdmeter.info/page/2023/03/2023-03-17-about/</guid>
      <description>About Us Our Story We are Bdmeter, We are a team of friends and most are Engineers, Technologists, Architects, Builders, and Specialists was thinking louder in last 2018 to develop something that can help people. Then we have descided to start a blogsite and we are the Authors from his own position of work. Then we have started our jouney in October 2018. We are trying to help our communities to learn something really important to develop our business, industry, socienty, environment, shelter, health, safety all together.</description>
    </item>
    
    <item>
      <title>Contact</title>
      <link>https://news.bdmeter.info/page/2023/03/2023-03-17-contact/</link>
      <pubDate>Fri, 17 Mar 2023 00:00:00 +0000</pubDate>
      
      <guid>https://news.bdmeter.info/page/2023/03/2023-03-17-contact/</guid>
      <description>You can write us directly. Our email address bdmeter.info@gmail.com
**Our Address:
**22 W 34th St, 301, New York, NY 10001, US
We are very happy to support our customers. Feel free to send us an email and call us direct to get support. Our support team is working from Monday-Friday 9 AM – 5 PM. Visit us and fix a schedule before your visit. Our location:
Address: 22 W 34th St.</description>
    </item>
    
    <item>
      <title>Home</title>
      <link>https://news.bdmeter.info/page/2023/03/2023-03-17-home/</link>
      <pubDate>Fri, 17 Mar 2023 00:00:00 +0000</pubDate>
      
      <guid>https://news.bdmeter.info/page/2023/03/2023-03-17-home/</guid>
      <description>Real time global information of Business Industry &amp;amp; Technology We believe share knowledge with all of us should be free and open for all as like open source code.
LEARN MORE
SEE ALL LATEST
Business Update Grow your business faster than ever. Learn more with bdmeter.info
Industry Update Bdmeter is the industry leader to share more valuable content that is useful for money industry leaders.
Technology Update Latest technology Updates help business owner to implement new ideas, innovations and help us to know which suits our industry most.</description>
    </item>
    
    <item>
      <title>Privacy Policy</title>
      <link>https://news.bdmeter.info/page/2023/03/2023-03-17-privacy-policy/</link>
      <pubDate>Fri, 17 Mar 2023 00:00:00 +0000</pubDate>
      
      <guid>https://news.bdmeter.info/page/2023/03/2023-03-17-privacy-policy/</guid>
      <description>Who we are We are Bdmeter, located in NYC, United States. We are one of the largest information services providers of real-time global information, technology, business, innovations, changes, ideas, thinking, and the future.
Comments When visitors leave comments on the site we collect the data shown in the comments form, and also the visitor’s IP address and browser user agent string to help spam detection.
An anonymized string created from your email address (also called a hash) may be provided to the Gravatar service to see if you are using it.</description>
    </item>
    
    <item>
      <title>Sitemap</title>
      <link>https://news.bdmeter.info/page/2023/03/2023-03-16-sitemap/</link>
      <pubDate>Thu, 16 Mar 2023 00:00:00 +0000</pubDate>
      
      <guid>https://news.bdmeter.info/page/2023/03/2023-03-16-sitemap/</guid>
      <description></description>
    </item>
    
    <item>
      <title>About BDM</title>
      <link>https://news.bdmeter.info/page/2020/11/2020-11-21-about-bdm/</link>
      <pubDate>Sat, 21 Nov 2020 00:00:00 +0000</pubDate>
      
      <guid>https://news.bdmeter.info/page/2020/11/2020-11-21-about-bdm/</guid>
      <description>About Us Our Story We are Bdmeter, We are a team of friends and most are Engineers, Technologists, Architects, Builders, and Specialists was thinking louder in last 2018 to develop something that can help people. Then we have descided to start a blogsite and we are the Authors from his own position of work. Then we have started our jouney in October 2018. We are trying to help our communities to learn something really important to develop our business, industry, socienty, environment, shelter, health, safety all together.</description>
    </item>
    
    <item>
      <title>Lifestyle</title>
      <link>https://news.bdmeter.info/page/2020/11/2020-11-21-lifestyle/</link>
      <pubDate>Sat, 21 Nov 2020 00:00:00 +0000</pubDate>
      
      <guid>https://news.bdmeter.info/page/2020/11/2020-11-21-lifestyle/</guid>
      <description></description>
    </item>
    
    <item>
      <title>Community</title>
      <link>https://news.bdmeter.info/page/2020/11/2020-11-19-community/</link>
      <pubDate>Thu, 19 Nov 2020 00:00:00 +0000</pubDate>
      
      <guid>https://news.bdmeter.info/page/2020/11/2020-11-19-community/</guid>
      <description></description>
    </item>
    
    <item>
      <title>Culture</title>
      <link>https://news.bdmeter.info/page/2020/11/2020-11-19-culture/</link>
      <pubDate>Thu, 19 Nov 2020 00:00:00 +0000</pubDate>
      
      <guid>https://news.bdmeter.info/page/2020/11/2020-11-19-culture/</guid>
      <description></description>
    </item>
    
    <item>
      <title>Future</title>
      <link>https://news.bdmeter.info/page/2020/11/2020-11-19-future/</link>
      <pubDate>Thu, 19 Nov 2020 00:00:00 +0000</pubDate>
      
      <guid>https://news.bdmeter.info/page/2020/11/2020-11-19-future/</guid>
      <description></description>
    </item>
    
    <item>
      <title>Privacy Policy</title>
      <link>https://news.bdmeter.info/page/2020/11/2020-11-19-privacy-policy/</link>
      <pubDate>Thu, 19 Nov 2020 00:00:00 +0000</pubDate>
      
      <guid>https://news.bdmeter.info/page/2020/11/2020-11-19-privacy-policy/</guid>
      <description>Who we are Our website address is https://news.bdmeter.info.
What personal data we collect and why we collect it Comments When visitors leave comments on the site we collect the data shown in the comments form, and also the visitor’s IP address and browser user agent string to help spam detection.
An anonymized string created from your email address (also called a hash) may be provided to the Gravatar service to see if you are using it.</description>
    </item>
    
  </channel>
</rss>
