<?xml version="1.0" encoding="utf-8" standalone="yes"?>
<rss version="2.0" xmlns:atom="http://www.w3.org/2005/Atom">
  <channel>
    <title>Tags on Bdmeter News</title>
    <link>https://news.bdmeter.info/tags/</link>
    <description>Recent content in Tags on Bdmeter News</description>
    <generator>Hugo -- gohugo.io</generator>
    <language>en</language>
    <copyright>Copyright © 2018-{year} [Bdmeter](https://news.bdmeter.info) and [BDM Dev](https://dev.bdmeter.info). All Rights Reserved.</copyright>
    <lastBuildDate>Sat, 12 Aug 2023 00:00:00 +0000</lastBuildDate><atom:link href="https://news.bdmeter.info/tags/index.xml" rel="self" type="application/rss+xml" />
    <item>
      <title>Florida</title>
      <link>https://news.bdmeter.info/tags/florida/</link>
      <pubDate>Sat, 12 Aug 2023 00:00:00 +0000</pubDate>
      
      <guid>https://news.bdmeter.info/tags/florida/</guid>
      <description></description>
    </item>
    
    <item>
      <title>Hawaii</title>
      <link>https://news.bdmeter.info/tags/hawaii/</link>
      <pubDate>Sat, 12 Aug 2023 00:00:00 +0000</pubDate>
      
      <guid>https://news.bdmeter.info/tags/hawaii/</guid>
      <description></description>
    </item>
    
    <item>
      <title>Maui</title>
      <link>https://news.bdmeter.info/tags/maui/</link>
      <pubDate>Sat, 12 Aug 2023 00:00:00 +0000</pubDate>
      
      <guid>https://news.bdmeter.info/tags/maui/</guid>
      <description></description>
    </item>
    
    <item>
      <title>Miami</title>
      <link>https://news.bdmeter.info/tags/miami/</link>
      <pubDate>Sat, 12 Aug 2023 00:00:00 +0000</pubDate>
      
      <guid>https://news.bdmeter.info/tags/miami/</guid>
      <description></description>
    </item>
    
    <item>
      <title>Wildfires death</title>
      <link>https://news.bdmeter.info/tags/wildfires-death/</link>
      <pubDate>Sat, 12 Aug 2023 00:00:00 +0000</pubDate>
      
      <guid>https://news.bdmeter.info/tags/wildfires-death/</guid>
      <description></description>
    </item>
    
    <item>
      <title>Disaster</title>
      <link>https://news.bdmeter.info/tags/disaster/</link>
      <pubDate>Thu, 10 Aug 2023 00:00:00 +0000</pubDate>
      
      <guid>https://news.bdmeter.info/tags/disaster/</guid>
      <description></description>
    </item>
    
    <item>
      <title>Wildfire</title>
      <link>https://news.bdmeter.info/tags/wildfire/</link>
      <pubDate>Thu, 10 Aug 2023 00:00:00 +0000</pubDate>
      
      <guid>https://news.bdmeter.info/tags/wildfire/</guid>
      <description></description>
    </item>
    
  </channel>
</rss>
