<?xml version="1.0" encoding="utf-8" standalone="yes"?>
<rss version="2.0" xmlns:atom="http://www.w3.org/2005/Atom">
  <channel>
    <title>Series on Bdmeter News</title>
    <link>https://news.bdmeter.info/series/</link>
    <description>Recent content in Series on Bdmeter News</description>
    <generator>Hugo -- gohugo.io</generator>
    <language>en</language>
    <copyright>Copyright © 2018-{year} [Bdmeter](https://news.bdmeter.info) and [BDM Dev](https://dev.bdmeter.info). All Rights Reserved.</copyright><atom:link href="https://news.bdmeter.info/series/index.xml" rel="self" type="application/rss+xml" />
  </channel>
</rss>
