<?xml version="1.0" encoding="utf-8" standalone="yes"?>
<rss version="2.0" xmlns:atom="http://www.w3.org/2005/Atom">
  <channel>
    <title>Authors on Bdmeter News</title>
    <link>https://news.bdmeter.info/authors/</link>
    <description>Recent content in Authors on Bdmeter News</description>
    <generator>Hugo -- gohugo.io</generator>
    <language>en</language>
    <copyright>Copyright © 2018-{year} [Bdmeter](https://news.bdmeter.info) and [BDM Dev](https://dev.bdmeter.info). All Rights Reserved.</copyright><atom:link href="https://news.bdmeter.info/authors/index.xml" rel="self" type="application/rss+xml" />
    <item>
      <title>Bdmeter</title>
      <link>https://news.bdmeter.info/authors/bdmeter/</link>
      <pubDate>Mon, 01 Jan 0001 00:00:00 +0000</pubDate>
      
      <guid>https://news.bdmeter.info/authors/bdmeter/</guid>
      <description></description>
    </item>
    
    <item>
      <title>Mark Weber</title>
      <link>https://news.bdmeter.info/authors/markweber/</link>
      <pubDate>Mon, 01 Jan 0001 00:00:00 +0000</pubDate>
      
      <guid>https://news.bdmeter.info/authors/markweber/</guid>
      <description></description>
    </item>
    
    <item>
      <title>Peta</title>
      <link>https://news.bdmeter.info/authors/peta/</link>
      <pubDate>Mon, 01 Jan 0001 00:00:00 +0000</pubDate>
      
      <guid>https://news.bdmeter.info/authors/peta/</guid>
      <description></description>
    </item>
    
    <item>
      <title>Ronibd0</title>
      <link>https://news.bdmeter.info/authors/ronibd0/</link>
      <pubDate>Mon, 01 Jan 0001 00:00:00 +0000</pubDate>
      
      <guid>https://news.bdmeter.info/authors/ronibd0/</guid>
      <description></description>
    </item>
    
  </channel>
</rss>
