<?xml version="1.0" encoding="utf-8" standalone="yes"?>
<rss version="2.0" xmlns:atom="http://www.w3.org/2005/Atom">
  <channel>
    <title>Wildfire on Bdmeter News</title>
    <link>https://news.bdmeter.info/tags/wildfire/</link>
    <description>Recent content in Wildfire on Bdmeter News</description>
    <generator>Hugo -- gohugo.io</generator>
    <language>en</language>
    <copyright>Copyright © 2018-{year} [Bdmeter](https://news.bdmeter.info) and [BDM Dev](https://dev.bdmeter.info). All Rights Reserved.</copyright>
    <lastBuildDate>Thu, 10 Aug 2023 00:00:00 +0000</lastBuildDate><atom:link href="https://news.bdmeter.info/tags/wildfire/index.xml" rel="self" type="application/rss+xml" />
    <item>
      <title>Disaster dealy wildfire acroos Maui</title>
      <link>https://news.bdmeter.info/news/2023/08/2023-08-11-maui-wildfires-death/</link>
      <pubDate>Thu, 10 Aug 2023 00:00:00 +0000</pubDate>
      
      <guid>https://news.bdmeter.info/news/2023/08/2023-08-11-maui-wildfires-death/</guid>
      <description>Headlines Six people have been killed in wildfires in Maui. Broadband internet outage across Hawaii. Violent wind across Hawaii from Maui burning. 150,000 gallons of water spray dropped yet to stop burning but no outcome yet. US Miltery top on the race to deploy firefighters to save Maui and Big Islands. Copast guards from US is saving life to do water rescue. People run into the ocean to save life. Fires is continuing and not under control.</description>
    </item>
    
  </channel>
</rss>
